employee_id,first_name,last_name,email,phone_number,job_title,department,salary,hire_date,gender,date_of_birth,street,city,country,manager_id,performance_rating
1,Tobit,Mcmanaman,tmcmanaman0@altervista.org,952-753-4099,Assistant Media Planner,Support,141677.89,4/13/2013,Male,"error: invalid date ""31/12/2010""",2860 Namekagon Way,Siedlce,Poland,1,1
2,Timothee,Camois,tcamois1@vk.com,104-591-9158,Assistant Manager,Training,98831.65,2/21/2016,Genderfluid,"error: invalid date ""31/12/2010""",3369 Golden Leaf Parkway,Maria Aurora,Philippines,2,3
3,Shena,Eastgate,seastgate2@angelfire.com,710-111-5493,Office Assistant IV,Training,30695.44,11/14/2017,Female,"error: invalid date ""31/12/2010""",617 Arrowood Terrace,Razgrad,Bulgaria,3,2
4,Helenka,Bristow,hbristow3@privacy.gov.au,275-897-4402,Occupational Therapist,Sales,75642.47,1/7/2022,Female,"error: invalid date ""31/12/2010""",7 Manufacturers Lane,Sayyān,Yemen,4,1
5,Dorthy,Dabbes,ddabbes4@mozilla.org,116-112-9205,Mechanical Systems Engineer,Engineering,143466.88,9/24/2015,Female,"error: invalid date ""31/12/2010""",1 Dwight Center,Wonosari,Indonesia,5,5
6,Granville,Jeness,gjeness5@bbb.org,213-160-2926,Cost Accountant,Sales,56797.26,1/18/2019,Polygender,"error: invalid date ""31/12/2010""",81871 Forest Place,Linhares,Brazil,6,5
7,Randi,Bamb,rbamb6@tmall.com,837-843-1276,Geological Engineer,Services,140617.25,11/7/2020,Female,"error: invalid date ""31/12/2010""",1010 Fairview Point,Santana do Paraíso,Brazil,7,4
8,Hildegaard,Beed,hbeed7@feedburner.com,159-885-1709,Software Engineer IV,Research and Development,77996.76,6/30/2010,Female,"error: invalid date ""31/12/2010""",7031 Lighthouse Bay Avenue,Tacheng,China,8,1
9,Yolanthe,Larkins,ylarkins8@fda.gov,979-813-8215,Assistant Professor,Human Resources,58442.96,7/5/2022,Female,"error: invalid date ""31/12/2010""",5730 Rowland Drive,Wierzawice,Poland,9,1
10,Berte,Lyston,blyston9@yellowbook.com,677-922-5111,Marketing Assistant,Marketing,79725.29,3/31/2014,Female,"error: invalid date ""31/12/2010""",3458 Troy Center,Almelo,Netherlands,10,5
11,Lilla,Towriss,ltowrissa@archive.org,417-429-5188,Technical Writer,Accounting,131900.58,2/6/2013,Female,"error: invalid date ""31/12/2010""",81 Holmberg Avenue,Wonosari,Indonesia,11,3
12,Freddy,Leppington,fleppingtonb@yale.edu,269-935-3944,Accountant I,Human Resources,66920.99,8/19/2015,Male,"error: invalid date ""31/12/2010""",78708 Scott Circle,Da’an,China,12,3
13,Nathalie,McQuorkell,nmcquorkellc@wix.com,986-488-3404,General Manager,Support,139541.72,6/8/2022,Female,"error: invalid date ""31/12/2010""",78506 Buhler Center,Cibodas,Indonesia,13,3
14,Nonah,Loseke,nloseked@mozilla.com,890-628-8347,Librarian,Human Resources,47230.17,10/3/2021,Genderqueer,"error: invalid date ""31/12/2010""",29390 International Alley,Keroka,Kenya,14,2
15,Aleen,Tomet,atomete@hao123.com,918-828-9945,Community Outreach Specialist,Sales,94292.14,5/25/2012,Female,"error: invalid date ""31/12/2010""",6680 Schlimgen Drive,Ḩājjīābād,Iran,15,2
16,Hope,Blinman,hblinmanf@harvard.edu,916-203-4732,Human Resources Assistant II,Engineering,42696.15,8/28/2017,Female,"error: invalid date ""31/12/2010""",1 Harper Avenue,Koilás,Greece,16,4
17,Hollyanne,Morbey,hmorbeyg@si.edu,576-228-1968,Senior Cost Accountant,Sales,131520.47,6/26/2020,Female,"error: invalid date ""31/12/2010""",868 Anderson Hill,Shi’an,China,17,5
18,Randy,Gianasi,rgianasih@sohu.com,516-469-5858,Assistant Professor,Legal,86056.85,2/11/2019,Male,"error: invalid date ""31/12/2010""",79 Sage Avenue,Hicksville,United States,18,3
19,Fern,Towersey,ftowerseyi@mozilla.org,390-808-1757,Product Engineer,Services,46640.93,1/8/2011,Female,"error: invalid date ""31/12/2010""",342 Stone Corner Pass,Buchou,China,19,3
20,Tootsie,Rodmell,trodmellj@cbsnews.com,656-121-5753,Environmental Specialist,Sales,148757.21,3/24/2020,Female,"error: invalid date ""31/12/2010""",4133 Becker Center,Banjar Banyualit,Indonesia,20,5
21,Linette,Cassie,lcassiek@youtube.com,867-111-8851,Senior Sales Associate,Sales,105220.39,8/23/2016,Female,"error: invalid date ""31/12/2010""",33809 Mcbride Point,Hushan,China,21,3
22,Jillene,Schutte,jschuttel@home.pl,101-935-1318,Desktop Support Technician,Accounting,54300.05,11/7/2012,Female,"error: invalid date ""31/12/2010""",15133 New Castle Point,Hongqi,China,22,2
23,Elwood,Sammon,esammonm@wordpress.org,778-520-1187,Physical Therapy Assistant,Product Management,79067.79,8/15/2016,Male,"error: invalid date ""31/12/2010""",308 Graedel Place,Assis,Brazil,23,3
24,Muhammad,Iacovaccio,miacovaccion@icq.com,737-887-8668,Operator,Product Management,120782.71,5/9/2021,Male,"error: invalid date ""31/12/2010""",12 Roth Center,Bus’k,Ukraine,24,4
25,Fowler,Woodroof,fwoodroofo@ucsd.edu,606-656-1362,Staff Scientist,Human Resources,77509.65,9/9/2016,Male,"error: invalid date ""31/12/2010""",4 Colorado Junction,Burgos,Philippines,25,1
26,Israel,Bratcher,ibratcherp@purevolume.com,868-737-0705,Help Desk Technician,Services,134801.96,4/2/2016,Male,"error: invalid date ""31/12/2010""",57281 Gulseth Alley,Oslo,Norway,26,5
27,Row,Dunguy,rdunguyq@fema.gov,223-542-1087,Software Engineer III,Research and Development,117799.31,8/13/2013,Female,"error: invalid date ""31/12/2010""",784 Kipling Place,Újezd,Czech Republic,27,5
28,Sharia,Scyone,sscyoner@github.com,667-737-7803,Senior Financial Analyst,Marketing,112840.1,1/11/2019,Female,"error: invalid date ""31/12/2010""",5 School Hill,Baimangpu,China,28,2
29,Vinni,Vicar,vvicars@comcast.net,865-730-0280,Help Desk Operator,Accounting,63778.3,5/5/2013,Female,"error: invalid date ""31/12/2010""",97 Ilene Point,Jiekou,China,29,4
30,Veronike,Vick,vvickt@accuweather.com,371-106-7866,GIS Technical Architect,Human Resources,52164.93,12/28/2015,Female,"error: invalid date ""31/12/2010""",14799 Manitowish Court,Kratovo,Russia,30,1
31,Antin,Hill,ahillu@smh.com.au,425-900-0448,Environmental Tech,Marketing,109862.69,8/6/2015,Male,"error: invalid date ""31/12/2010""",48 Debs Place,Jasugih Selatan,Indonesia,31,4
32,Heather,Barts,hbartsv@simplemachines.org,353-350-4411,Accountant I,Marketing,83843.14,4/30/2017,Female,"error: invalid date ""31/12/2010""",93397 Hudson Avenue,Anolaima,Colombia,32,2
33,Cyrille,Davidek,cdavidekw@chronoengine.com,843-975-2352,Assistant Media Planner,Accounting,104570.36,1/27/2012,Male,"error: invalid date ""31/12/2010""",812 Messerschmidt Avenue,Mlanggeng,Indonesia,33,5
34,Marthe,Tinniswood,mtinniswoodx@bravesites.com,389-468-6615,Mechanical Systems Engineer,Human Resources,87970.45,1/17/2015,Female,"error: invalid date ""31/12/2010""",470 Tennessee Junction,Bagacay,Philippines,34,4
35,Deck,Soper,dsopery@vk.com,477-153-2348,Administrative Officer,Engineering,67849.61,12/12/2014,Male,"error: invalid date ""31/12/2010""",8 La Follette Road,København,Denmark,35,2
36,Cynthea,Dunnico,cdunnicoz@pen.io,400-452-3701,Social Worker,Legal,43049.06,9/13/2015,Female,"error: invalid date ""31/12/2010""",409 Parkside Park,Smyga,Ukraine,36,3
37,Letitia,McNeely,lmcneely10@sfgate.com,448-564-6656,Senior Developer,Marketing,94532.28,12/22/2022,Female,"error: invalid date ""31/12/2010""",7711 Onsgard Court,Vale de São Cosme,Portugal,37,5
38,Umberto,Espinel,uespinel11@wikia.com,247-163-4520,Senior Sales Associate,Engineering,115587.35,10/4/2022,Male,"error: invalid date ""31/12/2010""",5138 Arizona Pass,Xinglong,China,38,5
39,Beryl,Llorens,bllorens12@ask.com,130-427-8261,Food Chemist,Engineering,64607.05,9/5/2020,Female,"error: invalid date ""31/12/2010""",644 Northport Way,Affery,Ivory Coast,39,2
40,Arte,Struis,astruis13@berkeley.edu,647-300-7188,Analog Circuit Design manager,Services,34713.29,2/26/2011,Male,"error: invalid date ""31/12/2010""",198 Schiller Junction,Huya,China,40,5
41,Monah,Sexty,msexty14@bing.com,606-155-6412,Teacher,Services,98614.95,10/30/2014,Female,"error: invalid date ""31/12/2010""",78626 Grover Drive,Navashino,Russia,41,5
42,Neal,Di Ruggiero,ndiruggiero15@feedburner.com,217-255-0866,Assistant Professor,Product Management,105173.2,2/28/2011,Genderqueer,"error: invalid date ""31/12/2010""",0005 Crescent Oaks Road,Lidingö,Sweden,42,3
43,Danila,Haysman,dhaysman16@com.com,810-996-2031,Internal Auditor,Training,66950.45,4/8/2010,Genderqueer,"error: invalid date ""31/12/2010""",04 Muir Court,Kalinovo,Russia,43,3
44,Nico,Kuhnwald,nkuhnwald17@typepad.com,135-222-8762,Senior Developer,Training,49141.47,9/6/2011,Male,"error: invalid date ""31/12/2010""",8 Eagle Crest Junction,Candelária,Brazil,44,2
45,Ollie,Delbergue,odelbergue18@gizmodo.com,973-949-5299,Senior Developer,Support,89147.01,4/22/2017,Male,"error: invalid date ""31/12/2010""",123 Towne Pass,Malitubog,Philippines,45,2
46,Abigale,McLaughlan,amclaughlan19@infoseek.co.jp,753-811-2079,VP Quality Control,Marketing,91265.54,3/20/2015,Female,"error: invalid date ""31/12/2010""",5 Meadow Valley Junction,Garça,Brazil,46,5
47,Tomkin,Lassell,tlassell1a@cyberchimps.com,211-624-9811,Web Designer III,Human Resources,49080.74,8/28/2021,Male,"error: invalid date ""31/12/2010""",0 Cottonwood Drive,Amboasary,Madagascar,47,2
48,Morlee,Beldom,mbeldom1b@admin.ch,105-848-0029,Help Desk Operator,Human Resources,99892.42,1/9/2013,Male,"error: invalid date ""31/12/2010""",04 Glendale Road,Patulul,Guatemala,48,5
49,Kingston,Loidl,kloidl1c@printfriendly.com,471-839-3145,Electrical Engineer,Support,68666.45,7/28/2010,Male,"error: invalid date ""31/12/2010""",5 Corben Pass,Catanauan,Philippines,49,1
50,Jessie,Tumpane,jtumpane1d@ed.gov,843-270-5507,Environmental Specialist,Legal,91336.19,2/3/2022,Male,"error: invalid date ""31/12/2010""",239 Stephen Terrace,Yihe,China,50,5
51,Nisse,Elcocks,nelcocks1e@wunderground.com,353-329-2273,Web Designer I,Engineering,36800.6,7/27/2010,Female,"error: invalid date ""31/12/2010""",54 Bultman Pass,Santiago,Paraguay,51,1
52,Jaymee,Elgar,jelgar1f@wordpress.com,790-589-3073,Assistant Media Planner,Support,90790.25,6/23/2020,Female,"error: invalid date ""31/12/2010""",586 Parkside Way,Irkliyevskaya,Russia,52,4
53,Shelia,Diggens,sdiggens1g@weibo.com,124-872-4011,Research Assistant IV,Sales,115033.54,5/6/2014,Female,"error: invalid date ""31/12/2010""",902 Schmedeman Circle,Zaječí,Czech Republic,53,3
54,Olivie,Casterton,ocasterton1h@netlog.com,484-846-3570,Safety Technician I,Services,117171.73,11/10/2013,Female,"error: invalid date ""31/12/2010""",5614 Ilene Parkway,Guadalupe,Mexico,54,1
55,Cherrita,Brome,cbrome1i@privacy.gov.au,576-587-9248,Technical Writer,Marketing,122766.66,2/2/2011,Female,"error: invalid date ""31/12/2010""",48949 Carioca Place,Leiguan,China,55,4
56,Ebenezer,Aburrow,eaburrow1j@walmart.com,787-867-5778,Senior Quality Engineer,Training,62996.44,5/15/2017,Male,"error: invalid date ""31/12/2010""",285 Dayton Avenue,Calheta,Cape Verde,56,1
57,Jo-ann,Tondeur,jtondeur1k@wordpress.org,679-240-2846,Executive Secretary,Training,126130.21,7/31/2019,Female,"error: invalid date ""31/12/2010""",600 Ridgeway Lane,Qingping,China,57,1
58,Joel,Mamwell,jmamwell1l@jalbum.net,124-718-4982,Senior Cost Accountant,Training,112294.69,12/13/2019,Male,"error: invalid date ""31/12/2010""",0 Golden Leaf Junction,Baishui,China,58,1
59,Fran,Schulze,fschulze1m@diigo.com,393-756-1793,Paralegal,Legal,149894.27,5/8/2011,Female,"error: invalid date ""31/12/2010""",402 Logan Lane,Tawala,Philippines,59,1
60,Alic,Townshend,atownshend1n@kickstarter.com,651-583-8629,Administrative Assistant II,Support,86251.29,10/17/2015,Male,"error: invalid date ""31/12/2010""",11865 Florence Road,Haixing,China,60,5
61,Son,Paolillo,spaolillo1o@google.com,320-223-3657,Social Worker,Accounting,121852.36,6/7/2010,Male,"error: invalid date ""31/12/2010""",7165 Debra Junction,Lodja,Democratic Republic of the Congo,61,2
62,Cleo,Hanwell,chanwell1p@woothemes.com,503-889-7686,Account Coordinator,Product Management,48137.49,3/9/2016,Female,"error: invalid date ""31/12/2010""",07680 Evergreen Lane,Skatepark,Canada,62,3
63,Fayre,Westmorland,fwestmorland1q@hud.gov,355-402-0226,Research Nurse,Services,80572.03,11/8/2021,Genderfluid,"error: invalid date ""31/12/2010""",0 Bunker Hill Lane,Xianshuigu,China,63,4
64,Lindi,Tortice,ltortice1r@4shared.com,754-310-6756,Occupational Therapist,Support,76425.36,2/8/2021,Female,"error: invalid date ""31/12/2010""",9 Green Ridge Crossing,Kobiernice,Poland,64,4
65,Sandy,Atterley,satterley1s@last.fm,746-575-2935,Developer I,Marketing,138892.21,11/19/2014,Male,"error: invalid date ""31/12/2010""",628 Gale Drive,Prachuap Khiri Khan,Thailand,65,3
66,Brandy,Grono,bgrono1t@bravesites.com,873-706-0803,VP Product Management,Business Development,44958.19,11/3/2014,Agender,"error: invalid date ""31/12/2010""",2299 Debra Alley,Serra da Silveira,Portugal,66,2
67,Garth,McGookin,gmcgookin1u@amazon.de,269-397-5749,VP Quality Control,Support,99488.95,2/7/2011,Male,"error: invalid date ""31/12/2010""",167 Golden Leaf Plaza,Kolpashevo,Russia,67,2
68,Retha,Wimbury,rwimbury1v@google.cn,906-785-4658,Geologist IV,Training,125326.59,9/20/2022,Female,"error: invalid date ""31/12/2010""",3 3rd Drive,Janów,Poland,68,1
69,Pascale,Sexten,psexten1w@tiny.cc,430-941-1190,Executive Secretary,Marketing,130169.44,4/16/2016,Male,"error: invalid date ""31/12/2010""",34375 7th Circle,Dahu Satu,Indonesia,69,2
70,Eyde,Drayson,edrayson1x@sun.com,576-819-8086,Dental Hygienist,Support,116083.95,7/2/2017,Female,"error: invalid date ""31/12/2010""",77022 Colorado Center,Vetluga,Russia,70,1
71,Ginelle,Terne,gterne1y@printfriendly.com,762-127-7452,Safety Technician III,Support,110504.0,9/7/2015,Female,"error: invalid date ""31/12/2010""",00 Marquette Circle,Santa Cruz das Flores,Portugal,71,3
72,Gradeigh,Gerry,ggerry1z@adobe.com,704-663-4928,Graphic Designer,Engineering,123270.43,11/7/2020,Male,"error: invalid date ""31/12/2010""",88 Sunfield Plaza,Penanggapan,Indonesia,72,2
73,Kellina,Dayce,kdayce20@shinystat.com,757-142-7578,Accountant II,Accounting,107786.91,6/17/2019,Female,"error: invalid date ""31/12/2010""",24 1st Junction,Hampton,United States,73,2
74,Kathie,Franceschielli,kfranceschielli21@yahoo.co.jp,601-700-0035,Food Chemist,Marketing,89287.6,2/12/2016,Female,"error: invalid date ""31/12/2010""",992 Stephen Road,Lemland,Aland Islands,74,5
75,Brice,Behnecken,bbehnecken22@qq.com,214-593-4536,Structural Analysis Engineer,Human Resources,104632.09,9/3/2022,Male,"error: invalid date ""31/12/2010""",39 Prentice Crossing,Dalsjöfors,Sweden,75,1
76,Dorry,Lightwing,dlightwing23@addtoany.com,748-711-6547,Teacher,Product Management,40702.07,10/31/2021,Female,"error: invalid date ""31/12/2010""",7428 Ramsey Park,Fredrikstad,Norway,76,2
77,Stanislas,Fernie,sfernie24@over-blog.com,917-925-7479,Quality Control Specialist,Legal,43495.22,3/6/2017,Male,"error: invalid date ""31/12/2010""",158 Caliangt Trail,New York City,United States,77,1
78,Ambrose,Savine,asavine25@alexa.com,907-697-1244,Editor,Marketing,112152.72,9/4/2013,Genderfluid,"error: invalid date ""31/12/2010""",8 Linden Street,Chuquitira,Peru,78,2
79,Archibaldo,Joanic,ajoanic26@sun.com,885-715-3570,Clinical Specialist,Training,149249.61,11/24/2017,Male,"error: invalid date ""31/12/2010""",502 Delladonna Pass,Jistebnice,Czech Republic,79,3
80,Audy,Ayree,aayree27@privacy.gov.au,969-275-7097,Help Desk Operator,Business Development,54266.36,3/10/2016,Female,"error: invalid date ""31/12/2010""",54 Fordem Circle,Mitaka-shi,Japan,80,3
81,Marvin,Chopin,mchopin28@wikipedia.org,490-352-5545,Developer III,Support,56076.36,3/20/2020,Male,"error: invalid date ""31/12/2010""",9 Doe Crossing Lane,Psáry,Czech Republic,81,2
82,Twyla,Rigolle,trigolle29@mediafire.com,841-832-2515,Compensation Analyst,Human Resources,59195.73,3/16/2016,Female,"error: invalid date ""31/12/2010""",32 Victoria Point,Libmanan,Philippines,82,5
83,Elvera,Whitlow,ewhitlow2a@yelp.com,233-939-1892,Pharmacist,Legal,43419.48,4/2/2015,Female,"error: invalid date ""31/12/2010""",3 Oak Alley,Tirat Karmel,Israel,83,2
84,Ronnie,Cecere,rcecere2b@cmu.edu,973-928-2559,Statistician I,Marketing,127421.08,12/13/2017,Male,"error: invalid date ""31/12/2010""",8 Mendota Lane,Huizhou,China,84,1
85,Fayette,Clubley,fclubley2c@time.com,767-249-3834,GIS Technical Architect,Sales,127219.46,4/1/2013,Female,"error: invalid date ""31/12/2010""",1 Washington Trail,Ratchathewi,Thailand,85,5
86,Theodosia,Gillion,tgillion2d@google.es,810-184-7695,Sales Associate,Marketing,113336.08,6/28/2018,Female,"error: invalid date ""31/12/2010""",884 Hagan Road,Yataity del Norte,Paraguay,86,2
87,Mill,Paxton,mpaxton2e@apache.org,859-143-0642,Senior Sales Associate,Training,68379.6,5/28/2010,Male,"error: invalid date ""31/12/2010""",5996 Mifflin Crossing,Jedlnia-Letnisko,Poland,87,1
88,Guy,Lievesley,glievesley2f@hc360.com,396-378-5844,Dental Hygienist,Human Resources,141634.78,8/26/2017,Male,"error: invalid date ""31/12/2010""",2608 Crowley Point,Hualongyan,China,88,1
89,Domenic,McKennan,dmckennan2g@nsw.gov.au,737-695-8306,Quality Engineer,Research and Development,75235.41,9/18/2013,Male,"error: invalid date ""31/12/2010""",17 Vidon Way,Bahāwalnagar,Pakistan,89,4
90,Dennie,Osan,dosan2h@wired.com,271-904-3977,Librarian,Sales,148550.97,7/11/2010,Male,"error: invalid date ""31/12/2010""",11366 Almo Alley,La Joya,Mexico,90,5
91,Riannon,Bradbrook,rbradbrook2i@stanford.edu,998-162-8255,Occupational Therapist,Legal,42899.48,7/24/2011,Female,"error: invalid date ""31/12/2010""",77 8th Park,Navoiy,Uzbekistan,91,2
92,Birdie,Bullin,bbullin2j@kickstarter.com,509-919-1937,Quality Control Specialist,Business Development,71954.25,1/30/2010,Agender,"error: invalid date ""31/12/2010""",125 Roxbury Plaza,Pechenizhyn,Ukraine,92,1
93,Husein,Clutram,hclutram2k@ameblo.jp,334-980-3176,Director of Sales,Sales,114609.86,1/23/2015,Male,"error: invalid date ""31/12/2010""",7 Northport Pass,Charleville-Mézières,France,93,4
94,Carlo,Walsham,cwalsham2l@bigcartel.com,279-736-9217,Engineer I,Support,70999.93,8/3/2012,Male,"error: invalid date ""31/12/2010""",95 Graedel Terrace,Zouila,Tunisia,94,3
95,Roselle,Vamplus,rvamplus2m@utexas.edu,457-836-8400,Associate Professor,Research and Development,37342.0,4/1/2013,Female,"error: invalid date ""31/12/2010""",79 Fuller Hill,Paulo Afonso,Brazil,95,5
96,Audry,Gavin,agavin2n@wikia.com,922-512-3791,Systems Administrator IV,Services,55927.4,12/21/2021,Female,"error: invalid date ""31/12/2010""",6418 Washington Circle,Qīr Moāv,Jordan,96,3
97,Grady,Firpo,gfirpo2o@altervista.org,311-989-8712,Administrative Assistant II,Engineering,114101.67,9/18/2022,Male,"error: invalid date ""31/12/2010""",4 Golf View Lane,Miyako,Japan,97,1
98,Porter,Slee,pslee2p@europa.eu,262-678-7674,Geologist IV,Human Resources,143743.22,9/19/2017,Male,"error: invalid date ""31/12/2010""",2 Rigney Park,Jiyang,China,98,4
99,Emmit,Tenny,etenny2q@mit.edu,431-278-7693,Senior Financial Analyst,Accounting,52288.44,2/13/2010,Male,"error: invalid date ""31/12/2010""",475 Karstens Point,Mashan,China,99,3
100,Falkner,Fozzard,ffozzard2r@gravatar.com,162-285-5053,Compensation Analyst,Support,72375.15,6/11/2015,Male,"error: invalid date ""31/12/2010""",26 Maple Wood Center,Massaranduba,Brazil,100,2
101,Sharl,Dunderdale,sdunderdale2s@techcrunch.com,878-945-9628,Senior Sales Associate,Marketing,95970.07,1/16/2019,Female,"error: invalid date ""31/12/2010""",46 Fieldstone Way,Filótion,Greece,101,3
102,Braden,Matthewman,bmatthewman2t@flickr.com,526-170-8015,Safety Technician I,Services,61514.47,1/31/2010,Male,"error: invalid date ""31/12/2010""",47076 Lyons Parkway,Hulei,China,102,4
103,Amye,Habgood,ahabgood2u@e-recht24.de,498-327-7475,Nuclear Power Engineer,Support,84809.38,11/30/2017,Female,"error: invalid date ""31/12/2010""",32639 Ruskin Point,Gaigeturi,South Korea,103,3
104,Emelen,Screwton,escrewton2v@privacy.gov.au,141-192-5238,Civil Engineer,Business Development,109823.45,9/12/2010,Male,"error: invalid date ""31/12/2010""",0106 Aberg Pass,Bayt Maqdūm,Palestinian Territory,104,5
105,Rosemarie,Ottewell,rottewell2w@illinois.edu,953-691-4596,Developer II,Product Management,88558.07,7/31/2014,Polygender,"error: invalid date ""31/12/2010""",394 Victoria Park,Shofirkon,Uzbekistan,105,5
106,Garv,Spooner,gspooner2x@ycombinator.com,166-894-1676,Office Assistant IV,Support,104100.05,10/25/2013,Male,"error: invalid date ""31/12/2010""",899 Ramsey Drive,Yakymivka,Ukraine,106,5
107,Ellswerth,Van den Velde,evandenvelde2y@newsvine.com,588-109-1755,Clinical Specialist,Sales,87608.76,11/12/2010,Male,"error: invalid date ""31/12/2010""",00876 Lakewood Gardens Pass,Magbay,Philippines,107,3
108,Davidde,Siseland,dsiseland2z@digg.com,556-179-0294,Junior Executive,Services,61802.54,5/8/2012,Male,"error: invalid date ""31/12/2010""",991 Melody Point,Zhujiachang,China,108,4
109,Matthus,Eldritt,meldritt30@123-reg.co.uk,656-355-0444,Administrative Officer,Marketing,49621.64,6/26/2011,Male,"error: invalid date ""31/12/2010""",30 Rieder Parkway,Kumberg,Austria,109,1
110,Kristi,Bischop,kbischop31@forbes.com,751-413-3692,Senior Editor,Services,68347.32,9/23/2012,Female,"error: invalid date ""31/12/2010""",8053 Erie Lane,Hola Prystan’,Ukraine,110,3
111,Giulietta,Batstone,gbatstone32@chron.com,768-884-9286,Quality Engineer,Legal,103986.7,12/24/2011,Female,"error: invalid date ""31/12/2010""",73191 Coleman Junction,Sheregesh,Russia,111,2
112,Jedediah,Villa,jvilla33@ucla.edu,405-310-3425,Developer II,Human Resources,61791.38,1/6/2021,Male,"error: invalid date ""31/12/2010""",41 Larry Plaza,Áyios Nikólaos,Greece,112,5
113,Lamar,Strickett,lstrickett34@latimes.com,595-562-0672,Assistant Professor,Research and Development,85171.94,6/18/2014,Male,"error: invalid date ""31/12/2010""",6 Dapin Road,Pithoro,Pakistan,113,2
114,Bartholomeus,Froud,bfroud35@joomla.org,109-363-4410,Financial Advisor,Accounting,95839.08,2/22/2013,Male,"error: invalid date ""31/12/2010""",4 Gale Parkway,Si Sa Ket,Thailand,114,1
115,Jess,Sponer,jsponer36@ebay.com,158-839-8936,Project Manager,Sales,45268.05,7/21/2020,Female,"error: invalid date ""31/12/2010""",46 Emmet Circle,Presidente Prudente,Brazil,115,4
116,Zabrina,Floyed,zfloyed37@scribd.com,932-199-3473,Occupational Therapist,Services,65397.68,1/30/2014,Female,"error: invalid date ""31/12/2010""",9 Dapin Junction,Manlucahoc,Philippines,116,4
117,Tomasina,Basley,tbasley38@miitbeian.gov.cn,351-694-3862,Biostatistician III,Engineering,137979.19,3/13/2020,Female,"error: invalid date ""31/12/2010""",8 Ohio Crossing,Berģi,Latvia,117,5
118,Jordain,Heimes,jheimes39@xing.com,188-299-4996,Paralegal,Research and Development,103360.28,3/11/2012,Female,"error: invalid date ""31/12/2010""",6851 Leroy Circle,Pingshui,China,118,2
119,Aland,Haldenby,ahaldenby3a@ask.com,549-929-6889,Paralegal,Business Development,63311.56,3/15/2020,Male,"error: invalid date ""31/12/2010""",921 Hagan Court,Tojeira,Portugal,119,2
120,Germana,Dutchburn,gdutchburn3b@scientificamerican.com,253-517-0783,Chief Design Engineer,Product Management,96200.98,8/10/2019,Female,"error: invalid date ""31/12/2010""",233 Larry Alley,Maoping,China,120,2
121,Ofelia,Francesco,ofrancesco3c@altervista.org,717-473-5252,Community Outreach Specialist,Product Management,54287.51,5/23/2020,Female,"error: invalid date ""31/12/2010""",9487 Elka Lane,Zárkos,Greece,121,3
122,Feodora,Plom,fplom3d@eepurl.com,117-671-0648,Sales Representative,Services,136690.15,10/21/2012,Female,"error: invalid date ""31/12/2010""",174 Stone Corner Trail,Jiebu,China,122,3
123,Cletus,Huggard,chuggard3e@clickbank.net,409-780-0356,Sales Associate,Engineering,32892.66,6/10/2013,Male,"error: invalid date ""31/12/2010""",06853 Forster Parkway,Xinzhaiping,China,123,2
124,Gardner,Hadlington,ghadlington3f@shutterfly.com,503-708-2923,Database Administrator IV,Services,131451.51,5/21/2022,Male,"error: invalid date ""31/12/2010""",1914 Badeau Plaza,Sukarama,Indonesia,124,5
125,Dunc,Bromage,dbromage3g@google.com.br,494-460-0218,Project Manager,Marketing,121232.69,12/10/2014,Male,"error: invalid date ""31/12/2010""",7091 Holmberg Road,Kuala Lumpur,Malaysia,125,1
126,Jose,Eannetta,jeannetta3h@cbslocal.com,500-843-3409,Internal Auditor,Research and Development,97137.19,10/27/2014,Male,"error: invalid date ""31/12/2010""",51041 Claremont Center,Krasne,Ukraine,126,2
127,Gerhardt,Stoakes,gstoakes3i@yale.edu,949-722-0784,Senior Sales Associate,Services,113042.4,11/21/2021,Male,"error: invalid date ""31/12/2010""",0254 Superior Circle,Le Pontet,France,127,4
128,Leicester,Golightly,lgolightly3j@patch.com,205-977-2876,Actuary,Accounting,44014.69,7/13/2017,Male,"error: invalid date ""31/12/2010""",809 Brown Circle,Taishihe,China,128,1
129,Mellicent,Comiskey,mcomiskey3k@youtube.com,958-520-3343,Cost Accountant,Services,110140.37,11/6/2017,Female,"error: invalid date ""31/12/2010""",0 Westridge Court,Fengyi,China,129,1
130,Shamus,Ollier,sollier3l@so-net.ne.jp,761-109-3398,Systems Administrator I,Research and Development,96689.19,12/20/2018,Male,"error: invalid date ""31/12/2010""",839 Vidon Park,Talas,Kyrgyzstan,130,1
131,Sheilah,Summerley,ssummerley3m@latimes.com,520-861-9519,VP Marketing,Human Resources,111947.74,11/9/2014,Female,"error: invalid date ""31/12/2010""",308 Surrey Terrace,Luzhuangzi,China,131,2
132,Marlie,Peschmann,mpeschmann3n@wunderground.com,391-137-0123,Assistant Manager,Engineering,102788.61,3/29/2017,Female,"error: invalid date ""31/12/2010""",34865 Elka Road,Cochrane,Canada,132,4
133,Orelee,Beville,obeville3o@webeden.co.uk,285-668-8094,Information Systems Manager,Training,63691.25,9/21/2020,Bigender,"error: invalid date ""31/12/2010""",58533 Briar Crest Way,La Gi,Vietnam,133,2
134,Antoinette,Ferroni,aferroni3p@shop-pro.jp,548-549-1769,Accountant II,Research and Development,91921.71,3/20/2016,Female,"error: invalid date ""31/12/2010""",201 Bunker Hill Plaza,Sarreguemines,France,134,4
135,Priscilla,Hammett,phammett3q@jalbum.net,567-472-7325,Cost Accountant,Research and Development,144175.17,2/7/2020,Female,"error: invalid date ""31/12/2010""",0 Karstens Circle,Umm Sa‘īd,Qatar,135,2
136,Karalynn,Hitcham,khitcham3r@purevolume.com,404-699-8551,Accounting Assistant IV,Business Development,140978.34,2/20/2020,Non-binary,"error: invalid date ""31/12/2010""",1 Bunting Center,Ussel,France,136,5
137,Lynnell,Baffin,lbaffin3s@ycombinator.com,454-545-2749,Programmer III,Sales,34086.11,4/6/2021,Female,"error: invalid date ""31/12/2010""",05486 Comanche Junction,Czernikowo,Poland,137,4
138,Germaine,Lortz,glortz3t@1und1.de,671-478-0532,Computer Systems Analyst III,Accounting,69674.18,3/28/2018,Male,"error: invalid date ""31/12/2010""",76 Stoughton Terrace,Ishurdi,Bangladesh,138,5
139,Gregor,Snelle,gsnelle3u@xrea.com,158-698-2549,Geologist I,Business Development,57156.6,6/28/2020,Male,"error: invalid date ""31/12/2010""",73514 Porter Street,São Roque,Brazil,139,5
140,Harvey,Dilnot,hdilnot3v@myspace.com,123-545-8340,Professor,Business Development,42445.2,5/17/2010,Male,"error: invalid date ""31/12/2010""",906 Donald Court,Ludbreg,Croatia,140,1
141,Karyl,Birbeck,kbirbeck3w@addthis.com,442-516-4309,Information Systems Manager,Accounting,67396.69,3/11/2014,Female,"error: invalid date ""31/12/2010""",498 Express Parkway,Shushicë,Albania,141,2
142,Yale,Stuchbury,ystuchbury3x@sun.com,795-579-3144,Account Executive,Marketing,91911.7,8/8/2017,Male,"error: invalid date ""31/12/2010""",2154 Darwin Avenue,Chexi,China,142,3
143,Orton,Twelvetrees,otwelvetrees3y@icio.us,453-978-6469,Human Resources Manager,Services,136390.35,3/26/2014,Male,"error: invalid date ""31/12/2010""",08827 Acker Pass,Jinja,Uganda,143,1
144,Orelie,Culvey,oculvey3z@facebook.com,484-368-9308,Payment Adjustment Coordinator,Product Management,79246.44,8/2/2010,Female,"error: invalid date ""31/12/2010""",865 Bunting Hill,Kathu,South Africa,144,1
145,Arnaldo,Mille,amille40@geocities.com,823-304-7454,Social Worker,Business Development,108883.87,2/20/2016,Male,"error: invalid date ""31/12/2010""",0964 Onsgard Way,Oekuu,Indonesia,145,5
146,Whitaker,Shalloe,wshalloe41@cmu.edu,190-261-0774,Quality Engineer,Legal,73113.57,10/19/2015,Male,"error: invalid date ""31/12/2010""",36 Kenwood Road,Rameshki,Russia,146,4
147,Aileen,Gyrgorcewicx,agyrgorcewicx42@forbes.com,756-663-5672,Human Resources Assistant I,Sales,49613.04,10/22/2018,Female,"error: invalid date ""31/12/2010""",07444 Brentwood Park,Randudongkal,Indonesia,147,5
148,Reagen,Castanares,rcastanares43@dedecms.com,586-292-4285,Staff Scientist,Support,30156.19,4/18/2012,Male,"error: invalid date ""31/12/2010""",8 Bellgrove Alley,Göteborg,Sweden,148,4
149,Creigh,Karpmann,ckarpmann44@apple.com,615-435-1901,Environmental Tech,Sales,92022.89,7/5/2020,Non-binary,"error: invalid date ""31/12/2010""",9930 Doe Crossing Hill,Nuevo Arraiján,Panama,149,1
150,Agatha,Gilluley,agilluley45@hugedomains.com,602-175-6780,Teacher,Business Development,122898.63,2/3/2022,Female,"error: invalid date ""31/12/2010""",18890 Service Alley,Bua Yai,Thailand,150,3
151,Rina,Perott,rperott46@forbes.com,357-454-2563,Social Worker,Services,138948.12,3/2/2016,Female,"error: invalid date ""31/12/2010""",079 Crescent Oaks Crossing,Ebebiyin,Equatorial Guinea,151,1
152,Kym,Goodanew,kgoodanew47@cargocollective.com,850-504-2696,Media Manager II,Research and Development,126404.16,5/15/2021,Female,"error: invalid date ""31/12/2010""",931 Sugar Circle,Ridderkerk,Netherlands,152,3
153,Fulvia,Ingilson,fingilson48@t-online.de,950-580-5757,Director of Sales,Sales,89144.54,11/20/2014,Female,"error: invalid date ""31/12/2010""",357 Raven Pass,Ceerigaabo,Somalia,153,4
154,Burlie,MacMenemy,bmacmenemy49@angelfire.com,471-457-3145,Research Assistant II,Legal,132989.42,2/9/2017,Male,"error: invalid date ""31/12/2010""",4 Rockefeller Alley,Urambo,Tanzania,154,5
155,Nariko,Clayson,nclayson4a@si.edu,551-150-9966,Executive Secretary,Product Management,65072.57,11/7/2018,Female,"error: invalid date ""31/12/2010""",80010 Huxley Plaza,Nanyulinxi,China,155,4
156,Benito,Tappington,btappington4b@nyu.edu,790-725-1234,Safety Technician II,Engineering,132353.59,5/8/2020,Male,"error: invalid date ""31/12/2010""",84003 Di Loreto Circle,Onsala,Sweden,156,5
157,Hesther,Caldera,hcaldera4c@yahoo.co.jp,176-263-7263,Systems Administrator I,Legal,52291.64,10/8/2016,Female,"error: invalid date ""31/12/2010""",09 Miller Pass,Margacina,Indonesia,157,4
158,Sherwin,Canape,scanape4d@biglobe.ne.jp,383-938-9261,Statistician II,Training,106365.25,4/20/2013,Male,"error: invalid date ""31/12/2010""",484 Lakewood Gardens Trail,Gungguh,Indonesia,158,5
159,Bernadine,Kearns,bkearns4e@guardian.co.uk,125-685-0821,Project Manager,Support,107053.75,7/4/2014,Female,"error: invalid date ""31/12/2010""",91 Kipling Lane,Al Bīrah,Palestinian Territory,159,2
160,Tamara,Cahani,tcahani4f@opera.com,555-770-7052,Geologist I,Sales,50264.1,12/29/2020,Female,"error: invalid date ""31/12/2010""",6 Loftsgordon Way,Longkali,Indonesia,160,2
161,Orazio,Stert,ostert4g@ed.gov,156-643-4415,Account Executive,Services,47793.01,5/22/2014,Male,"error: invalid date ""31/12/2010""",65487 Logan Road,Tamianglayang,Indonesia,161,3
162,Andrei,Galbraith,agalbraith4h@comsenz.com,520-912-8883,Structural Analysis Engineer,Legal,126506.04,10/2/2021,Female,"error: invalid date ""31/12/2010""",79 Dapin Avenue,Tan Sum,Thailand,162,5
163,Dara,Brandham,dbrandham4i@usda.gov,714-304-4882,Actuary,Research and Development,69978.92,3/11/2017,Female,"error: invalid date ""31/12/2010""",62391 Fremont Circle,Stuttgart,Germany,163,1
164,Verge,Humphrys,vhumphrys4j@merriam-webster.com,396-970-5395,Clinical Specialist,Services,88028.28,7/16/2021,Male,"error: invalid date ""31/12/2010""",29209 Anhalt Trail,Bestala,Indonesia,164,1
165,Findlay,Simco,fsimco4k@goo.gl,747-219-6177,Senior Financial Analyst,Human Resources,122539.38,3/30/2011,Male,"error: invalid date ""31/12/2010""",7090 Old Shore Avenue,Kudanding,Philippines,165,4
166,Arel,Gyer,agyer4l@cnet.com,372-339-5810,Nurse,Accounting,100705.01,6/26/2020,Male,"error: invalid date ""31/12/2010""",363 Bobwhite Trail,Ginatilan,Philippines,166,2
167,Fedora,Biffin,fbiffin4m@gravatar.com,187-606-1051,Office Assistant II,Research and Development,36450.07,6/8/2020,Female,"error: invalid date ""31/12/2010""",56 Carioca Hill,Bromma,Sweden,167,1
168,Marjie,Seczyk,mseczyk4n@microsoft.com,285-137-2386,Assistant Media Planner,Legal,123440.04,1/22/2013,Female,"error: invalid date ""31/12/2010""",8016 Anniversary Trail,Ping’an,China,168,4
169,Neils,Verchambre,nverchambre4o@jigsy.com,598-955-0596,Research Associate,Human Resources,52534.61,5/13/2014,Male,"error: invalid date ""31/12/2010""",0 Dovetail Terrace,Kawage,Japan,169,3
170,Marris,Baugh,mbaugh4p@icio.us,879-288-3809,GIS Technical Architect,Business Development,144848.26,11/22/2019,Female,"error: invalid date ""31/12/2010""",67963 Russell Lane,Baixi,China,170,5
171,Oran,Binne,obinne4q@hc360.com,401-159-4774,Nurse,Research and Development,132849.78,8/5/2022,Male,"error: invalid date ""31/12/2010""",655 Calypso Drive,Bagou,China,171,1
172,Sheilakathryn,Bleackley,sbleackley4r@twitter.com,433-910-1745,VP Quality Control,Sales,32888.9,9/1/2010,Female,"error: invalid date ""31/12/2010""",124 Briar Crest Trail,Kyonju,South Korea,172,1
173,Isidor,Anwell,ianwell4s@vk.com,758-749-3210,Information Systems Manager,Engineering,42427.33,7/9/2020,Male,"error: invalid date ""31/12/2010""",48864 Cody Plaza,Thomastown,Ireland,173,1
174,Moselle,Josephsen,mjosephsen4t@list-manage.com,922-564-8393,Staff Scientist,Services,112609.46,11/1/2019,Female,"error: invalid date ""31/12/2010""",27120 Roxbury Alley,Palama,Indonesia,174,5
175,Brigid,Mocquer,bmocquer4u@bing.com,490-272-5215,Actuary,Accounting,124160.36,7/1/2010,Female,"error: invalid date ""31/12/2010""",4208 Fairfield Hill,Zwolle,Netherlands,175,2
176,Janith,Empson,jempson4v@a8.net,246-401-2748,Web Developer IV,Sales,74782.25,7/19/2017,Female,"error: invalid date ""31/12/2010""",56428 Anhalt Hill,Tangkou,China,176,3
177,Cleopatra,McElmurray,cmcelmurray4w@slate.com,840-759-5378,Systems Administrator I,Research and Development,34435.41,5/12/2019,Agender,"error: invalid date ""31/12/2010""",72563 Mallard Trail,Keta,Ghana,177,4
178,Celie,Cordell,ccordell4x@usnews.com,401-292-0642,Food Chemist,Product Management,124342.34,11/17/2018,Female,"error: invalid date ""31/12/2010""",5633 Ridge Oak Terrace,Brongkah,Indonesia,178,4
179,Madelina,Jandourek,mjandourek4y@linkedin.com,124-465-4081,VP Sales,Support,107092.79,5/27/2012,Female,"error: invalid date ""31/12/2010""",9 Acker Avenue,Kalampáka,Greece,179,1
180,Madelene,Blockwell,mblockwell4z@imageshack.us,688-467-7340,Payment Adjustment Coordinator,Legal,107299.27,12/3/2013,Female,"error: invalid date ""31/12/2010""",19569 Schiller Circle,Izhmorskiy,Russia,180,1
181,Wallie,Jedrzaszkiewicz,wjedrzaszkiewicz50@yolasite.com,885-990-0789,Graphic Designer,Support,41995.72,4/12/2012,Female,"error: invalid date ""31/12/2010""",50 Forest Dale Avenue,Udënisht,Albania,181,1
182,Gardener,Golden,ggolden51@nba.com,840-750-2370,Marketing Assistant,Training,133920.0,10/7/2012,Male,"error: invalid date ""31/12/2010""",0694 Delaware Terrace,San José,Costa Rica,182,4
183,Gilbertina,Bache,gbache52@wordpress.org,350-627-6224,Environmental Tech,Support,36157.55,11/7/2011,Female,"error: invalid date ""31/12/2010""",95421 Florence Alley,Zhonghouhe,China,183,3
184,Lisette,Truce,ltruce53@squarespace.com,719-947-4383,Geological Engineer,Marketing,39949.94,8/16/2021,Female,"error: invalid date ""31/12/2010""",29443 Bayside Center,Huacao,China,184,4
185,Julius,Markie,jmarkie54@posterous.com,190-393-3452,Nurse,Research and Development,132604.72,3/29/2012,Male,"error: invalid date ""31/12/2010""",2 Eliot Terrace,Askim,Norway,185,1
186,Early,Tabart,etabart55@nyu.edu,400-912-2569,Marketing Assistant,Research and Development,77907.62,7/18/2015,Male,"error: invalid date ""31/12/2010""",6149 Coolidge Avenue,Debar,Macedonia,186,1
187,Hayes,Nagle,hnagle56@smh.com.au,777-824-7095,Web Developer II,Support,69964.42,3/14/2012,Male,"error: invalid date ""31/12/2010""",4235 Quincy Avenue,Banjar Bias,Indonesia,187,4
188,Gilli,Chastanet,gchastanet57@squidoo.com,177-152-1868,Compensation Analyst,Legal,138484.48,8/8/2010,Female,"error: invalid date ""31/12/2010""",18662 Spohn Court,Lianyuan,China,188,3
189,Fancie,Cornelius,fcornelius58@chron.com,516-692-4373,Senior Editor,Services,134173.74,1/27/2021,Female,"error: invalid date ""31/12/2010""",88433 New Castle Place,Kurashiki,Japan,189,1
190,Cynthy,Slack,cslack59@mapy.cz,814-989-5467,Teacher,Legal,122977.34,9/2/2016,Female,"error: invalid date ""31/12/2010""",66 Welch Hill,Erie,United States,190,5
191,Elsey,Milan,emilan5a@unc.edu,671-252-7976,Environmental Specialist,Business Development,91814.19,5/19/2020,Genderfluid,"error: invalid date ""31/12/2010""",15003 Moulton Alley,Axioúpoli,Greece,191,1
192,Garreth,Brushneen,gbrushneen5b@amazon.co.uk,594-350-1107,Data Coordinator,Business Development,86512.73,6/27/2019,Male,"error: invalid date ""31/12/2010""",714 Kings Park,Krivyanskaya,Russia,192,3
193,Far,Blazejewski,fblazejewski5c@dmoz.org,120-392-1642,Operator,Engineering,76140.06,5/23/2021,Male,"error: invalid date ""31/12/2010""",209 Garrison Point,Krousón,Greece,193,4
194,Jordanna,Shillom,jshillom5d@meetup.com,907-394-5276,VP Product Management,Marketing,108663.02,1/13/2013,Female,"error: invalid date ""31/12/2010""",73 Merchant Center,Sępólno Krajeńskie,Poland,194,1
195,Arch,Hulance,ahulance5e@wikimedia.org,509-375-9882,Physical Therapy Assistant,Business Development,39653.96,1/3/2022,Male,"error: invalid date ""31/12/2010""",465 Elmside Parkway,Vaitogi,American Samoa,195,5
196,Chaim,Blackborough,cblackborough5f@businessweek.com,423-304-2649,Analyst Programmer,Marketing,109794.23,8/6/2014,Male,"error: invalid date ""31/12/2010""",76698 Goodland Parkway,Kotingnatagete,Indonesia,196,5
197,Jenine,Hillborne,jhillborne5g@accuweather.com,552-400-6943,GIS Technical Architect,Human Resources,111119.74,12/30/2014,Female,"error: invalid date ""31/12/2010""",12 Portage Place,Vyborg,Russia,197,3
198,Greta,Gillingham,ggillingham5h@alexa.com,984-345-7613,Tax Accountant,Human Resources,148470.93,8/19/2016,Genderfluid,"error: invalid date ""31/12/2010""",2342 Westport Drive,Selce,Macedonia,198,4
199,Bernadine,Cluderay,bcluderay5i@tumblr.com,871-790-3140,Dental Hygienist,Support,98964.4,12/5/2013,Female,"error: invalid date ""31/12/2010""",3218 Cascade Center,Oumiao,China,199,2
200,Jethro,Mattek,jmattek5j@ucoz.com,388-339-3899,Research Associate,Engineering,60966.98,9/5/2019,Male,"error: invalid date ""31/12/2010""",823 Golden Leaf Parkway,Xinjie,China,200,3
